,order,num_trees,repetition,assignment,hidden_dim,layers,accuracy
0,16,4,0,0,32,3,1.0
1,16,4,0,0,64,3,1.0
2,16,4,0,0,128,3,1.0
3,16,4,0,0,256,3,1.0
4,16,4,0,0,512,3,1.0
5,16,4,0,1,32,3,1.0
6,16,4,0,1,64,3,1.0
7,16,4,0,1,128,3,1.0
8,16,4,0,1,256,3,1.0
9,16,4,0,1,512,3,1.0
10,16,4,0,2,32,3,1.0
11,16,4,0,2,64,3,1.0
12,16,4,0,2,128,3,1.0
13,16,4,0,2,256,3,1.0
14,16,4,0,2,512,3,1.0
15,16,4,0,3,32,3,1.0
16,16,4,0,3,64,3,1.0
17,16,4,0,3,128,3,1.0
18,16,4,0,3,256,3,1.0
19,16,4,0,3,512,3,1.0
20,16,4,1,0,32,3,1.0
21,16,4,1,0,64,3,1.0
22,16,4,1,0,128,3,1.0
23,16,4,1,0,256,3,1.0
24,16,4,1,0,512,3,1.0
25,16,4,1,1,32,3,1.0
26,16,4,1,1,64,3,1.0
27,16,4,1,1,128,3,1.0
28,16,4,1,1,256,3,1.0
29,16,4,1,1,512,3,1.0
30,16,4,1,2,32,3,1.0
31,16,4,1,2,64,3,1.0
32,16,4,1,2,128,3,1.0
33,16,4,1,2,256,3,1.0
34,16,4,1,2,512,3,1.0
35,16,4,1,3,32,3,1.0
36,16,4,1,3,64,3,1.0
37,16,4,1,3,128,3,1.0
38,16,4,1,3,256,3,1.0
39,16,4,1,3,512,3,1.0
40,16,4,2,0,32,3,1.0
41,16,4,2,0,64,3,1.0
42,16,4,2,0,128,3,1.0
43,16,4,2,0,256,3,1.0
44,16,4,2,0,512,3,1.0
45,16,4,2,1,32,3,1.0
46,16,4,2,1,64,3,1.0
47,16,4,2,1,128,3,1.0
48,16,4,2,1,256,3,1.0
49,16,4,2,1,512,3,1.0
50,16,4,2,2,32,3,1.0
51,16,4,2,2,64,3,1.0
52,16,4,2,2,128,3,1.0
53,16,4,2,2,256,3,1.0
54,16,4,2,2,512,3,1.0
55,16,4,2,3,32,3,1.0
56,16,4,2,3,64,3,1.0
57,16,4,2,3,128,3,1.0
58,16,4,2,3,256,3,1.0
59,16,4,2,3,512,3,1.0
60,16,4,3,0,32,3,1.0
61,16,4,3,0,64,3,1.0
62,16,4,3,0,128,3,1.0
63,16,4,3,0,256,3,1.0
64,16,4,3,0,512,3,1.0
65,16,4,3,1,32,3,1.0
66,16,4,3,1,64,3,1.0
67,16,4,3,1,128,3,1.0
68,16,4,3,1,256,3,1.0
69,16,4,3,1,512,3,1.0
70,16,4,3,2,32,3,1.0
71,16,4,3,2,64,3,1.0
72,16,4,3,2,128,3,1.0
73,16,4,3,2,256,3,1.0
74,16,4,3,2,512,3,1.0
75,16,4,3,3,32,3,1.0
76,16,4,3,3,64,3,1.0
77,16,4,3,3,128,3,1.0
78,16,4,3,3,256,3,1.0
79,16,4,3,3,512,3,1.0
80,16,8,0,0,32,3,1.0
81,16,8,0,0,64,3,1.0
82,16,8,0,0,128,3,1.0
83,16,8,0,0,256,3,1.0
84,16,8,0,0,512,3,1.0
85,16,8,0,1,32,3,1.0
86,16,8,0,1,64,3,1.0
87,16,8,0,1,128,3,1.0
88,16,8,0,1,256,3,1.0
89,16,8,0,1,512,3,1.0
90,16,8,0,2,32,3,1.0
91,16,8,0,2,64,3,1.0
92,16,8,0,2,128,3,1.0
93,16,8,0,2,256,3,1.0
94,16,8,0,2,512,3,1.0
95,16,8,0,3,32,3,1.0
96,16,8,0,3,64,3,1.0
97,16,8,0,3,128,3,1.0
98,16,8,0,3,256,3,1.0
99,16,8,0,3,512,3,1.0
100,16,8,1,0,32,3,1.0
101,16,8,1,0,64,3,1.0
102,16,8,1,0,128,3,1.0
103,16,8,1,0,256,3,1.0
104,16,8,1,0,512,3,1.0
105,16,8,1,1,32,3,1.0
106,16,8,1,1,64,3,1.0
107,16,8,1,1,128,3,1.0
108,16,8,1,1,256,3,1.0
109,16,8,1,1,512,3,1.0
110,16,8,1,2,32,3,1.0
111,16,8,1,2,64,3,1.0
112,16,8,1,2,128,3,1.0
113,16,8,1,2,256,3,1.0
114,16,8,1,2,512,3,1.0
115,16,8,1,3,32,3,1.0
116,16,8,1,3,64,3,1.0
117,16,8,1,3,128,3,1.0
118,16,8,1,3,256,3,1.0
119,16,8,1,3,512,3,1.0
120,16,8,2,0,32,3,1.0
121,16,8,2,0,64,3,1.0
122,16,8,2,0,128,3,1.0
123,16,8,2,0,256,3,1.0
124,16,8,2,0,512,3,1.0
125,16,8,2,1,32,3,1.0
126,16,8,2,1,64,3,1.0
127,16,8,2,1,128,3,1.0
128,16,8,2,1,256,3,1.0
129,16,8,2,1,512,3,1.0
130,16,8,2,2,32,3,1.0
131,16,8,2,2,64,3,0.75
132,16,8,2,2,128,3,1.0
133,16,8,2,2,256,3,1.0
134,16,8,2,2,512,3,1.0
135,16,8,2,3,32,3,1.0
136,16,8,2,3,64,3,1.0
137,16,8,2,3,128,3,1.0
138,16,8,2,3,256,3,1.0
139,16,8,2,3,512,3,1.0
140,16,8,3,0,32,3,1.0
141,16,8,3,0,64,3,1.0
142,16,8,3,0,128,3,1.0
143,16,8,3,0,256,3,1.0
144,16,8,3,0,512,3,1.0
145,16,8,3,1,32,3,0.875
146,16,8,3,1,64,3,1.0
147,16,8,3,1,128,3,1.0
148,16,8,3,1,256,3,1.0
149,16,8,3,1,512,3,1.0
150,16,8,3,2,32,3,1.0
151,16,8,3,2,64,3,1.0
152,16,8,3,2,128,3,1.0
153,16,8,3,2,256,3,1.0
154,16,8,3,2,512,3,1.0
155,16,8,3,3,32,3,1.0
156,16,8,3,3,64,3,1.0
157,16,8,3,3,128,3,1.0
158,16,8,3,3,256,3,1.0
159,16,8,3,3,512,3,1.0
160,16,16,0,0,32,3,0.9375
161,16,16,0,0,64,3,1.0
162,16,16,0,0,128,3,1.0
163,16,16,0,0,256,3,1.0
164,16,16,0,0,512,3,1.0
165,16,16,0,1,32,3,1.0
166,16,16,0,1,64,3,1.0
167,16,16,0,1,128,3,1.0
168,16,16,0,1,256,3,1.0
169,16,16,0,1,512,3,1.0
170,16,16,0,2,32,3,1.0
171,16,16,0,2,64,3,1.0
172,16,16,0,2,128,3,1.0
173,16,16,0,2,256,3,1.0
174,16,16,0,2,512,3,1.0
175,16,16,0,3,32,3,1.0
176,16,16,0,3,64,3,1.0
177,16,16,0,3,128,3,1.0
178,16,16,0,3,256,3,1.0
179,16,16,0,3,512,3,1.0
180,16,16,1,0,32,3,1.0
181,16,16,1,0,64,3,1.0
182,16,16,1,0,128,3,1.0
183,16,16,1,0,256,3,1.0
184,16,16,1,0,512,3,1.0
185,16,16,1,1,32,3,1.0
186,16,16,1,1,64,3,1.0
187,16,16,1,1,128,3,1.0
188,16,16,1,1,256,3,1.0
189,16,16,1,1,512,3,1.0
190,16,16,1,2,32,3,1.0
191,16,16,1,2,64,3,1.0
192,16,16,1,2,128,3,1.0
193,16,16,1,2,256,3,1.0
194,16,16,1,2,512,3,1.0
195,16,16,1,3,32,3,1.0
196,16,16,1,3,64,3,1.0
197,16,16,1,3,128,3,1.0
198,16,16,1,3,256,3,1.0
199,16,16,1,3,512,3,1.0
200,16,16,2,0,32,3,1.0
201,16,16,2,0,64,3,1.0
202,16,16,2,0,128,3,1.0
203,16,16,2,0,256,3,1.0
204,16,16,2,0,512,3,1.0
205,16,16,2,1,32,3,1.0
206,16,16,2,1,64,3,1.0
207,16,16,2,1,128,3,1.0
208,16,16,2,1,256,3,1.0
209,16,16,2,1,512,3,1.0
210,16,16,2,2,32,3,1.0
211,16,16,2,2,64,3,1.0
212,16,16,2,2,128,3,1.0
213,16,16,2,2,256,3,1.0
214,16,16,2,2,512,3,1.0
215,16,16,2,3,32,3,1.0
216,16,16,2,3,64,3,1.0
217,16,16,2,3,128,3,1.0
218,16,16,2,3,256,3,1.0
219,16,16,2,3,512,3,1.0
220,16,16,3,0,32,3,1.0
221,16,16,3,0,64,3,1.0
222,16,16,3,0,128,3,1.0
223,16,16,3,0,256,3,1.0
224,16,16,3,0,512,3,1.0
225,16,16,3,1,32,3,1.0
226,16,16,3,1,64,3,1.0
227,16,16,3,1,128,3,1.0
228,16,16,3,1,256,3,1.0
229,16,16,3,1,512,3,1.0
230,16,16,3,2,32,3,1.0
231,16,16,3,2,64,3,1.0
232,16,16,3,2,128,3,1.0
233,16,16,3,2,256,3,1.0
234,16,16,3,2,512,3,1.0
235,16,16,3,3,32,3,1.0
236,16,16,3,3,64,3,1.0
237,16,16,3,3,128,3,1.0
238,16,16,3,3,256,3,1.0
239,16,16,3,3,512,3,1.0
240,32,4,0,0,32,3,1.0
241,32,4,0,0,64,3,1.0
242,32,4,0,0,128,3,1.0
243,32,4,0,0,256,3,1.0
244,32,4,0,0,512,3,1.0
245,32,4,0,1,32,3,1.0
246,32,4,0,1,64,3,1.0
247,32,4,0,1,128,3,1.0
248,32,4,0,1,256,3,1.0
249,32,4,0,1,512,3,1.0
250,32,4,0,2,32,3,1.0
251,32,4,0,2,64,3,1.0
252,32,4,0,2,128,3,1.0
253,32,4,0,2,256,3,1.0
254,32,4,0,2,512,3,1.0
255,32,4,0,3,32,3,1.0
256,32,4,0,3,64,3,1.0
257,32,4,0,3,128,3,1.0
258,32,4,0,3,256,3,1.0
259,32,4,0,3,512,3,1.0
260,32,4,1,0,32,3,1.0
261,32,4,1,0,64,3,1.0
262,32,4,1,0,128,3,1.0
263,32,4,1,0,256,3,1.0
264,32,4,1,0,512,3,1.0
265,32,4,1,1,32,3,1.0
266,32,4,1,1,64,3,1.0
267,32,4,1,1,128,3,1.0
268,32,4,1,1,256,3,1.0
269,32,4,1,1,512,3,1.0
270,32,4,1,2,32,3,1.0
271,32,4,1,2,64,3,1.0
272,32,4,1,2,128,3,1.0
273,32,4,1,2,256,3,1.0
274,32,4,1,2,512,3,1.0
275,32,4,1,3,32,3,1.0
276,32,4,1,3,64,3,1.0
277,32,4,1,3,128,3,1.0
278,32,4,1,3,256,3,1.0
279,32,4,1,3,512,3,1.0
280,32,4,2,0,32,3,1.0
281,32,4,2,0,64,3,1.0
282,32,4,2,0,128,3,1.0
283,32,4,2,0,256,3,1.0
284,32,4,2,0,512,3,1.0
285,32,4,2,1,32,3,1.0
286,32,4,2,1,64,3,1.0
287,32,4,2,1,128,3,1.0
288,32,4,2,1,256,3,1.0
289,32,4,2,1,512,3,1.0
290,32,4,2,2,32,3,1.0
291,32,4,2,2,64,3,1.0
292,32,4,2,2,128,3,1.0
293,32,4,2,2,256,3,1.0
294,32,4,2,2,512,3,1.0
295,32,4,2,3,32,3,1.0
296,32,4,2,3,64,3,1.0
297,32,4,2,3,128,3,1.0
298,32,4,2,3,256,3,1.0
299,32,4,2,3,512,3,1.0
300,32,4,3,0,32,3,1.0
301,32,4,3,0,64,3,1.0
302,32,4,3,0,128,3,1.0
303,32,4,3,0,256,3,1.0
304,32,4,3,0,512,3,1.0
305,32,4,3,1,32,3,1.0
306,32,4,3,1,64,3,1.0
307,32,4,3,1,128,3,1.0
308,32,4,3,1,256,3,1.0
309,32,4,3,1,512,3,1.0
310,32,4,3,2,32,3,1.0
311,32,4,3,2,64,3,1.0
312,32,4,3,2,128,3,1.0
313,32,4,3,2,256,3,1.0
314,32,4,3,2,512,3,1.0
315,32,4,3,3,32,3,1.0
316,32,4,3,3,64,3,1.0
317,32,4,3,3,128,3,1.0
318,32,4,3,3,256,3,1.0
319,32,4,3,3,512,3,1.0
320,32,8,0,0,32,3,1.0
321,32,8,0,0,64,3,1.0
322,32,8,0,0,128,3,1.0
323,32,8,0,0,256,3,1.0
324,32,8,0,0,512,3,1.0
325,32,8,0,1,32,3,1.0
326,32,8,0,1,64,3,1.0
327,32,8,0,1,128,3,1.0
328,32,8,0,1,256,3,1.0
329,32,8,0,1,512,3,1.0
330,32,8,0,2,32,3,1.0
331,32,8,0,2,64,3,1.0
332,32,8,0,2,128,3,1.0
333,32,8,0,2,256,3,1.0
334,32,8,0,2,512,3,1.0
335,32,8,0,3,32,3,1.0
336,32,8,0,3,64,3,1.0
337,32,8,0,3,128,3,1.0
338,32,8,0,3,256,3,1.0
339,32,8,0,3,512,3,1.0
340,32,8,1,0,32,3,1.0
341,32,8,1,0,64,3,1.0
342,32,8,1,0,128,3,1.0
343,32,8,1,0,256,3,1.0
344,32,8,1,0,512,3,1.0
345,32,8,1,1,32,3,0.875
346,32,8,1,1,64,3,1.0
347,32,8,1,1,128,3,1.0
348,32,8,1,1,256,3,1.0
349,32,8,1,1,512,3,1.0
350,32,8,1,2,32,3,1.0
351,32,8,1,2,64,3,1.0
352,32,8,1,2,128,3,1.0
353,32,8,1,2,256,3,1.0
354,32,8,1,2,512,3,1.0
355,32,8,1,3,32,3,1.0
356,32,8,1,3,64,3,1.0
357,32,8,1,3,128,3,1.0
358,32,8,1,3,256,3,1.0
359,32,8,1,3,512,3,1.0
360,32,8,2,0,32,3,1.0
361,32,8,2,0,64,3,0.625
362,32,8,2,0,128,3,1.0
363,32,8,2,0,256,3,1.0
364,32,8,2,0,512,3,1.0
365,32,8,2,1,32,3,0.875
366,32,8,2,1,64,3,1.0
367,32,8,2,1,128,3,1.0
368,32,8,2,1,256,3,1.0
369,32,8,2,1,512,3,1.0
370,32,8,2,2,32,3,1.0
371,32,8,2,2,64,3,1.0
372,32,8,2,2,128,3,1.0
373,32,8,2,2,256,3,1.0
374,32,8,2,2,512,3,1.0
375,32,8,2,3,32,3,1.0
376,32,8,2,3,64,3,1.0
377,32,8,2,3,128,3,1.0
378,32,8,2,3,256,3,1.0
379,32,8,2,3,512,3,1.0
380,32,8,3,0,32,3,1.0
381,32,8,3,0,64,3,1.0
382,32,8,3,0,128,3,1.0
383,32,8,3,0,256,3,1.0
384,32,8,3,0,512,3,1.0
385,32,8,3,1,32,3,1.0
386,32,8,3,1,64,3,1.0
387,32,8,3,1,128,3,1.0
388,32,8,3,1,256,3,1.0
389,32,8,3,1,512,3,1.0
390,32,8,3,2,32,3,0.875
391,32,8,3,2,64,3,0.875
392,32,8,3,2,128,3,0.875
393,32,8,3,2,256,3,1.0
394,32,8,3,2,512,3,1.0
395,32,8,3,3,32,3,1.0
396,32,8,3,3,64,3,1.0
397,32,8,3,3,128,3,1.0
398,32,8,3,3,256,3,1.0
399,32,8,3,3,512,3,1.0
400,32,16,0,0,32,3,0.875
401,32,16,0,0,64,3,1.0
402,32,16,0,0,128,3,1.0
403,32,16,0,0,256,3,1.0
404,32,16,0,0,512,3,1.0
405,32,16,0,1,32,3,1.0
406,32,16,0,1,64,3,1.0
407,32,16,0,1,128,3,1.0
408,32,16,0,1,256,3,1.0
409,32,16,0,1,512,3,1.0
410,32,16,0,2,32,3,0.9375
411,32,16,0,2,64,3,1.0
412,32,16,0,2,128,3,0.9375
413,32,16,0,2,256,3,1.0
414,32,16,0,2,512,3,1.0
415,32,16,0,3,32,3,1.0
416,32,16,0,3,64,3,1.0
417,32,16,0,3,128,3,1.0
418,32,16,0,3,256,3,1.0
419,32,16,0,3,512,3,1.0
420,32,16,1,0,32,3,1.0
421,32,16,1,0,64,3,1.0
422,32,16,1,0,128,3,1.0
423,32,16,1,0,256,3,1.0
424,32,16,1,0,512,3,1.0
425,32,16,1,1,32,3,0.8125
426,32,16,1,1,64,3,0.8125
427,32,16,1,1,128,3,0.8125
428,32,16,1,1,256,3,0.8125
429,32,16,1,1,512,3,1.0
430,32,16,1,2,32,3,0.8125
431,32,16,1,2,64,3,0.8125
432,32,16,1,2,128,3,0.8125
433,32,16,1,2,256,3,0.8125
434,32,16,1,2,512,3,0.9375
435,32,16,1,3,32,3,0.8125
436,32,16,1,3,64,3,0.8125
437,32,16,1,3,128,3,1.0
438,32,16,1,3,256,3,0.875
439,32,16,1,3,512,3,1.0
440,32,16,2,0,32,3,0.875
441,32,16,2,0,64,3,1.0
442,32,16,2,0,128,3,0.8125
443,32,16,2,0,256,3,1.0
444,32,16,2,0,512,3,1.0
445,32,16,2,1,32,3,0.75
446,32,16,2,1,64,3,0.875
447,32,16,2,1,128,3,0.75
448,32,16,2,1,256,3,0.9375
449,32,16,2,1,512,3,1.0
450,32,16,2,2,32,3,0.6875
451,32,16,2,2,64,3,0.75
452,32,16,2,2,128,3,0.75
453,32,16,2,2,256,3,0.8125
454,32,16,2,2,512,3,1.0
455,32,16,2,3,32,3,0.9375
456,32,16,2,3,64,3,1.0
457,32,16,2,3,128,3,1.0
458,32,16,2,3,256,3,1.0
459,32,16,2,3,512,3,1.0
460,32,16,3,0,32,3,1.0
461,32,16,3,0,64,3,0.8125
462,32,16,3,0,128,3,0.8125
463,32,16,3,0,256,3,1.0
464,32,16,3,0,512,3,1.0
465,32,16,3,1,32,3,0.75
466,32,16,3,1,64,3,0.875
467,32,16,3,1,128,3,0.875
468,32,16,3,1,256,3,0.875
469,32,16,3,1,512,3,1.0
470,32,16,3,2,32,3,0.9375
471,32,16,3,2,64,3,0.9375
472,32,16,3,2,128,3,0.875
473,32,16,3,2,256,3,0.9375
474,32,16,3,2,512,3,1.0
475,32,16,3,3,32,3,0.6875
476,32,16,3,3,64,3,0.6875
477,32,16,3,3,128,3,0.875
478,32,16,3,3,256,3,0.875
479,32,16,3,3,512,3,1.0
480,32,32,0,0,32,3,0.75
481,32,32,0,0,64,3,0.90625
482,32,32,0,0,128,3,0.625
483,32,32,0,0,256,3,0.78125
484,32,32,0,0,512,3,1.0
485,32,32,0,1,32,3,0.625
486,32,32,0,1,64,3,0.75
487,32,32,0,1,128,3,0.75
488,32,32,0,1,256,3,0.8125
489,32,32,0,1,512,3,1.0
490,32,32,0,2,32,3,0.78125
491,32,32,0,2,64,3,0.75
492,32,32,0,2,128,3,0.78125
493,32,32,0,2,256,3,0.90625
494,32,32,0,2,512,3,1.0
495,32,32,0,3,32,3,0.84375
496,32,32,0,3,64,3,0.875
497,32,32,0,3,128,3,0.84375
498,32,32,0,3,256,3,1.0
499,32,32,0,3,512,3,1.0
500,32,32,1,0,32,3,0.8125
501,32,32,1,0,64,3,0.8125
502,32,32,1,0,128,3,0.84375
503,32,32,1,0,256,3,1.0
504,32,32,1,0,512,3,1.0
505,32,32,1,1,32,3,0.84375
506,32,32,1,1,64,3,0.6875
507,32,32,1,1,128,3,1.0
508,32,32,1,1,256,3,1.0
509,32,32,1,1,512,3,1.0
510,32,32,1,2,32,3,0.78125
511,32,32,1,2,64,3,0.78125
512,32,32,1,2,128,3,0.78125
513,32,32,1,2,256,3,0.875
514,32,32,1,2,512,3,0.9375
515,32,32,1,3,32,3,0.84375
516,32,32,1,3,64,3,0.84375
517,32,32,1,3,128,3,0.8125
518,32,32,1,3,256,3,1.0
519,32,32,1,3,512,3,1.0
520,32,32,2,0,32,3,0.78125
521,32,32,2,0,64,3,0.65625
522,32,32,2,0,128,3,0.71875
523,32,32,2,0,256,3,0.78125
524,32,32,2,0,512,3,1.0
525,32,32,2,1,32,3,0.71875
526,32,32,2,1,64,3,0.6875
527,32,32,2,1,128,3,0.78125
528,32,32,2,1,256,3,1.0
529,32,32,2,1,512,3,1.0
530,32,32,2,2,32,3,0.75
531,32,32,2,2,64,3,0.71875
532,32,32,2,2,128,3,0.875
533,32,32,2,2,256,3,1.0
534,32,32,2,2,512,3,1.0
535,32,32,2,3,32,3,0.6875
536,32,32,2,3,64,3,0.75
537,32,32,2,3,128,3,0.84375
538,32,32,2,3,256,3,0.6875
539,32,32,2,3,512,3,1.0
540,32,32,3,0,32,3,0.78125
541,32,32,3,0,64,3,0.71875
542,32,32,3,0,128,3,0.71875
543,32,32,3,0,256,3,0.78125
544,32,32,3,0,512,3,0.8125
545,32,32,3,1,32,3,0.6875
546,32,32,3,1,64,3,0.6875
547,32,32,3,1,128,3,0.875
548,32,32,3,1,256,3,1.0
549,32,32,3,1,512,3,1.0
550,32,32,3,2,32,3,0.9375
551,32,32,3,2,64,3,0.9375
552,32,32,3,2,128,3,0.90625
553,32,32,3,2,256,3,0.90625
554,32,32,3,2,512,3,1.0
555,32,32,3,3,32,3,0.625
556,32,32,3,3,64,3,0.6875
557,32,32,3,3,128,3,0.78125
558,32,32,3,3,256,3,0.875
559,32,32,3,3,512,3,1.0
560,32,64,0,0,32,3,0.65625
561,32,64,0,0,64,3,0.765625
562,32,64,0,0,128,3,0.671875
563,32,64,0,0,256,3,0.796875
564,32,64,0,0,512,3,1.0
565,32,64,0,1,32,3,0.640625
566,32,64,0,1,64,3,0.640625
567,32,64,0,1,128,3,0.65625
568,32,64,0,1,256,3,0.78125
569,32,64,0,1,512,3,1.0
570,32,64,0,2,32,3,0.734375
571,32,64,0,2,64,3,0.765625
572,32,64,0,2,128,3,0.765625
573,32,64,0,2,256,3,0.875
574,32,64,0,2,512,3,1.0
575,32,64,0,3,32,3,0.625
576,32,64,0,3,64,3,0.640625
577,32,64,0,3,128,3,0.8125
578,32,64,0,3,256,3,0.890625
579,32,64,0,3,512,3,1.0
580,32,64,1,0,32,3,0.734375
581,32,64,1,0,64,3,0.71875
582,32,64,1,0,128,3,0.75
583,32,64,1,0,256,3,0.953125
584,32,64,1,0,512,3,1.0
585,32,64,1,1,32,3,0.640625
586,32,64,1,1,64,3,0.6875
587,32,64,1,1,128,3,0.734375
588,32,64,1,1,256,3,0.796875
589,32,64,1,1,512,3,0.984375
590,32,64,1,2,32,3,0.71875
591,32,64,1,2,64,3,0.75
592,32,64,1,2,128,3,0.78125
593,32,64,1,2,256,3,0.75
594,32,64,1,2,512,3,1.0
595,32,64,1,3,32,3,0.765625
596,32,64,1,3,64,3,0.828125
597,32,64,1,3,128,3,0.875
598,32,64,1,3,256,3,0.921875
599,32,64,1,3,512,3,0.984375
600,32,64,2,0,32,3,0.703125
601,32,64,2,0,64,3,0.78125
602,32,64,2,0,128,3,0.78125
603,32,64,2,0,256,3,0.78125
604,32,64,2,0,512,3,1.0
605,32,64,2,1,32,3,0.578125
606,32,64,2,1,64,3,0.640625
607,32,64,2,1,128,3,0.75
608,32,64,2,1,256,3,0.828125
609,32,64,2,1,512,3,1.0
610,32,64,2,2,32,3,0.6875
611,32,64,2,2,64,3,0.640625
612,32,64,2,2,128,3,0.71875
613,32,64,2,2,256,3,0.765625
614,32,64,2,2,512,3,1.0
615,32,64,2,3,32,3,0.578125
616,32,64,2,3,64,3,0.671875
617,32,64,2,3,128,3,0.625
618,32,64,2,3,256,3,0.71875
619,32,64,2,3,512,3,1.0
620,32,64,3,0,32,3,0.71875
621,32,64,3,0,64,3,0.765625
622,32,64,3,0,128,3,0.78125
623,32,64,3,0,256,3,0.78125
624,32,64,3,0,512,3,1.0
625,32,64,3,1,32,3,0.71875
626,32,64,3,1,64,3,0.78125
627,32,64,3,1,128,3,0.765625
628,32,64,3,1,256,3,0.9375
629,32,64,3,1,512,3,1.0
630,32,64,3,2,32,3,0.640625
631,32,64,3,2,64,3,0.640625
632,32,64,3,2,128,3,0.71875
633,32,64,3,2,256,3,0.765625
634,32,64,3,2,512,3,1.0
635,32,64,3,3,32,3,0.671875
636,32,64,3,3,64,3,0.765625
637,32,64,3,3,128,3,0.90625
638,32,64,3,3,256,3,0.953125
639,32,64,3,3,512,3,1.0
640,64,4,0,0,32,3,1.0
641,64,4,0,0,64,3,1.0
642,64,4,0,0,128,3,1.0
643,64,4,0,0,256,3,1.0
644,64,4,0,0,512,3,1.0
645,64,4,0,1,32,3,1.0
646,64,4,0,1,64,3,1.0
647,64,4,0,1,128,3,1.0
648,64,4,0,1,256,3,1.0
649,64,4,0,1,512,3,1.0
650,64,4,0,2,32,3,1.0
651,64,4,0,2,64,3,1.0
652,64,4,0,2,128,3,1.0
653,64,4,0,2,256,3,1.0
654,64,4,0,2,512,3,1.0
655,64,4,0,3,32,3,1.0
656,64,4,0,3,64,3,1.0
657,64,4,0,3,128,3,1.0
658,64,4,0,3,256,3,1.0
659,64,4,0,3,512,3,1.0
660,64,4,1,0,32,3,1.0
661,64,4,1,0,64,3,1.0
662,64,4,1,0,128,3,1.0
663,64,4,1,0,256,3,1.0
664,64,4,1,0,512,3,1.0
665,64,4,1,1,32,3,1.0
666,64,4,1,1,64,3,1.0
667,64,4,1,1,128,3,1.0
668,64,4,1,1,256,3,1.0
669,64,4,1,1,512,3,1.0
670,64,4,1,2,32,3,1.0
671,64,4,1,2,64,3,1.0
672,64,4,1,2,128,3,1.0
673,64,4,1,2,256,3,1.0
674,64,4,1,2,512,3,1.0
675,64,4,1,3,32,3,0.75
676,64,4,1,3,64,3,0.75
677,64,4,1,3,128,3,1.0
678,64,4,1,3,256,3,1.0
679,64,4,1,3,512,3,1.0
680,64,4,2,0,32,3,1.0
681,64,4,2,0,64,3,1.0
682,64,4,2,0,128,3,1.0
683,64,4,2,0,256,3,1.0
684,64,4,2,0,512,3,1.0
685,64,4,2,1,32,3,1.0
686,64,4,2,1,64,3,1.0
687,64,4,2,1,128,3,1.0
688,64,4,2,1,256,3,1.0
689,64,4,2,1,512,3,1.0
690,64,4,2,2,32,3,1.0
691,64,4,2,2,64,3,1.0
692,64,4,2,2,128,3,1.0
693,64,4,2,2,256,3,1.0
694,64,4,2,2,512,3,1.0
695,64,4,2,3,32,3,1.0
696,64,4,2,3,64,3,1.0
697,64,4,2,3,128,3,1.0
698,64,4,2,3,256,3,1.0
699,64,4,2,3,512,3,1.0
700,64,4,3,0,32,3,1.0
701,64,4,3,0,64,3,1.0
702,64,4,3,0,128,3,1.0
703,64,4,3,0,256,3,1.0
704,64,4,3,0,512,3,1.0
705,64,4,3,1,32,3,1.0
706,64,4,3,1,64,3,1.0
707,64,4,3,1,128,3,1.0
708,64,4,3,1,256,3,1.0
709,64,4,3,1,512,3,1.0
710,64,4,3,2,32,3,1.0
711,64,4,3,2,64,3,1.0
712,64,4,3,2,128,3,1.0
713,64,4,3,2,256,3,1.0
714,64,4,3,2,512,3,1.0
715,64,4,3,3,32,3,1.0
716,64,4,3,3,64,3,1.0
717,64,4,3,3,128,3,1.0
718,64,4,3,3,256,3,1.0
719,64,4,3,3,512,3,1.0
720,64,8,0,0,32,3,1.0
721,64,8,0,0,64,3,1.0
722,64,8,0,0,128,3,1.0
723,64,8,0,0,256,3,1.0
724,64,8,0,0,512,3,1.0
725,64,8,0,1,32,3,1.0
726,64,8,0,1,64,3,1.0
727,64,8,0,1,128,3,1.0
728,64,8,0,1,256,3,1.0
729,64,8,0,1,512,3,1.0
730,64,8,0,2,32,3,1.0
731,64,8,0,2,64,3,1.0
732,64,8,0,2,128,3,1.0
733,64,8,0,2,256,3,1.0
734,64,8,0,2,512,3,1.0
735,64,8,0,3,32,3,1.0
736,64,8,0,3,64,3,1.0
737,64,8,0,3,128,3,1.0
738,64,8,0,3,256,3,1.0
739,64,8,0,3,512,3,1.0
740,64,8,1,0,32,3,0.75
741,64,8,1,0,64,3,1.0
742,64,8,1,0,128,3,1.0
743,64,8,1,0,256,3,1.0
744,64,8,1,0,512,3,1.0
745,64,8,1,1,32,3,1.0
746,64,8,1,1,64,3,1.0
747,64,8,1,1,128,3,1.0
748,64,8,1,1,256,3,1.0
749,64,8,1,1,512,3,1.0
750,64,8,1,2,32,3,1.0
751,64,8,1,2,64,3,1.0
752,64,8,1,2,128,3,1.0
753,64,8,1,2,256,3,1.0
754,64,8,1,2,512,3,1.0
755,64,8,1,3,32,3,0.75
756,64,8,1,3,64,3,0.875
757,64,8,1,3,128,3,0.875
758,64,8,1,3,256,3,1.0
759,64,8,1,3,512,3,1.0
760,64,8,2,0,32,3,1.0
761,64,8,2,0,64,3,1.0
762,64,8,2,0,128,3,1.0
763,64,8,2,0,256,3,1.0
764,64,8,2,0,512,3,1.0
765,64,8,2,1,32,3,1.0
766,64,8,2,1,64,3,1.0
767,64,8,2,1,128,3,1.0
768,64,8,2,1,256,3,1.0
769,64,8,2,1,512,3,1.0
770,64,8,2,2,32,3,0.625
771,64,8,2,2,64,3,1.0
772,64,8,2,2,128,3,0.875
773,64,8,2,2,256,3,1.0
774,64,8,2,2,512,3,1.0
775,64,8,2,3,32,3,0.875
776,64,8,2,3,64,3,1.0
777,64,8,2,3,128,3,1.0
778,64,8,2,3,256,3,1.0
779,64,8,2,3,512,3,1.0
780,64,8,3,0,32,3,1.0
781,64,8,3,0,64,3,1.0
782,64,8,3,0,128,3,1.0
783,64,8,3,0,256,3,1.0
784,64,8,3,0,512,3,1.0
785,64,8,3,1,32,3,1.0
786,64,8,3,1,64,3,1.0
787,64,8,3,1,128,3,1.0
788,64,8,3,1,256,3,1.0
789,64,8,3,1,512,3,1.0
790,64,8,3,2,32,3,1.0
791,64,8,3,2,64,3,1.0
792,64,8,3,2,128,3,1.0
793,64,8,3,2,256,3,1.0
794,64,8,3,2,512,3,1.0
795,64,8,3,3,32,3,0.875
796,64,8,3,3,64,3,1.0
797,64,8,3,3,128,3,1.0
798,64,8,3,3,256,3,1.0
799,64,8,3,3,512,3,1.0
800,64,16,0,0,32,3,0.9375
801,64,16,0,0,64,3,0.8125
802,64,16,0,0,128,3,0.9375
803,64,16,0,0,256,3,0.875
804,64,16,0,0,512,3,0.9375
805,64,16,0,1,32,3,1.0
806,64,16,0,1,64,3,0.8125
807,64,16,0,1,128,3,0.8125
808,64,16,0,1,256,3,1.0
809,64,16,0,1,512,3,1.0
810,64,16,0,2,32,3,0.75
811,64,16,0,2,64,3,0.8125
812,64,16,0,2,128,3,0.8125
813,64,16,0,2,256,3,1.0
814,64,16,0,2,512,3,1.0
815,64,16,0,3,32,3,0.75
816,64,16,0,3,64,3,0.75
817,64,16,0,3,128,3,1.0
818,64,16,0,3,256,3,1.0
819,64,16,0,3,512,3,1.0
820,64,16,1,0,32,3,1.0
821,64,16,1,0,64,3,1.0
822,64,16,1,0,128,3,1.0
823,64,16,1,0,256,3,1.0
824,64,16,1,0,512,3,1.0
825,64,16,1,1,32,3,0.875
826,64,16,1,1,64,3,1.0
827,64,16,1,1,128,3,0.875
828,64,16,1,1,256,3,1.0
829,64,16,1,1,512,3,1.0
830,64,16,1,2,32,3,0.9375
831,64,16,1,2,64,3,0.9375
832,64,16,1,2,128,3,0.625
833,64,16,1,2,256,3,1.0
834,64,16,1,2,512,3,1.0
835,64,16,1,3,32,3,0.8125
836,64,16,1,3,64,3,0.9375
837,64,16,1,3,128,3,1.0
838,64,16,1,3,256,3,1.0
839,64,16,1,3,512,3,1.0
840,64,16,2,0,32,3,0.8125
841,64,16,2,0,64,3,1.0
842,64,16,2,0,128,3,1.0
843,64,16,2,0,256,3,1.0
844,64,16,2,0,512,3,1.0
845,64,16,2,1,32,3,1.0
846,64,16,2,1,64,3,1.0
847,64,16,2,1,128,3,1.0
848,64,16,2,1,256,3,1.0
849,64,16,2,1,512,3,1.0
850,64,16,2,2,32,3,1.0
851,64,16,2,2,64,3,1.0
852,64,16,2,2,128,3,1.0
853,64,16,2,2,256,3,1.0
854,64,16,2,2,512,3,1.0
855,64,16,2,3,32,3,1.0
856,64,16,2,3,64,3,0.8125
857,64,16,2,3,128,3,1.0
858,64,16,2,3,256,3,1.0
859,64,16,2,3,512,3,1.0
860,64,16,3,0,32,3,0.9375
861,64,16,3,0,64,3,1.0
862,64,16,3,0,128,3,1.0
863,64,16,3,0,256,3,1.0
864,64,16,3,0,512,3,1.0
865,64,16,3,1,32,3,0.8125
866,64,16,3,1,64,3,0.75
867,64,16,3,1,128,3,0.8125
868,64,16,3,1,256,3,0.875
869,64,16,3,1,512,3,1.0
870,64,16,3,2,32,3,0.875
871,64,16,3,2,64,3,1.0
872,64,16,3,2,128,3,1.0
873,64,16,3,2,256,3,1.0
874,64,16,3,2,512,3,1.0
875,64,16,3,3,32,3,0.75
876,64,16,3,3,64,3,0.6875
877,64,16,3,3,128,3,1.0
878,64,16,3,3,256,3,1.0
879,64,16,3,3,512,3,1.0
880,64,32,0,0,32,3,0.75
881,64,32,0,0,64,3,0.75
882,64,32,0,0,128,3,0.78125
883,64,32,0,0,256,3,0.71875
884,64,32,0,0,512,3,1.0
885,64,32,0,1,32,3,0.71875
886,64,32,0,1,64,3,0.71875
887,64,32,0,1,128,3,0.6875
888,64,32,0,1,256,3,0.75
889,64,32,0,1,512,3,1.0
890,64,32,0,2,32,3,0.6875
891,64,32,0,2,64,3,0.71875
892,64,32,0,2,128,3,0.78125
893,64,32,0,2,256,3,0.90625
894,64,32,0,2,512,3,0.8125
895,64,32,0,3,32,3,0.71875
896,64,32,0,3,64,3,0.6875
897,64,32,0,3,128,3,0.65625
898,64,32,0,3,256,3,0.75
899,64,32,0,3,512,3,0.8125
900,64,32,1,0,32,3,0.84375
901,64,32,1,0,64,3,0.8125
902,64,32,1,0,128,3,0.78125
903,64,32,1,0,256,3,0.78125
904,64,32,1,0,512,3,0.9375
905,64,32,1,1,32,3,0.59375
906,64,32,1,1,64,3,0.8125
907,64,32,1,1,128,3,0.71875
908,64,32,1,1,256,3,0.90625
909,64,32,1,1,512,3,1.0
910,64,32,1,2,32,3,0.71875
911,64,32,1,2,64,3,0.65625
912,64,32,1,2,128,3,0.71875
913,64,32,1,2,256,3,0.71875
914,64,32,1,2,512,3,1.0
915,64,32,1,3,32,3,0.78125
916,64,32,1,3,64,3,0.8125
917,64,32,1,3,128,3,0.78125
918,64,32,1,3,256,3,0.71875
919,64,32,1,3,512,3,0.90625
920,64,32,2,0,32,3,0.6875
921,64,32,2,0,64,3,0.71875
922,64,32,2,0,128,3,0.78125
923,64,32,2,0,256,3,0.71875
924,64,32,2,0,512,3,0.9375
925,64,32,2,1,32,3,0.78125
926,64,32,2,1,64,3,0.75
927,64,32,2,1,128,3,0.78125
928,64,32,2,1,256,3,0.875
929,64,32,2,1,512,3,1.0
930,64,32,2,2,32,3,0.75
931,64,32,2,2,64,3,0.65625
932,64,32,2,2,128,3,0.71875
933,64,32,2,2,256,3,0.71875
934,64,32,2,2,512,3,0.90625
935,64,32,2,3,32,3,0.6875
936,64,32,2,3,64,3,0.6875
937,64,32,2,3,128,3,0.78125
938,64,32,2,3,256,3,0.8125
939,64,32,2,3,512,3,0.9375
940,64,32,3,0,32,3,0.75
941,64,32,3,0,64,3,0.78125
942,64,32,3,0,128,3,0.78125
943,64,32,3,0,256,3,0.875
944,64,32,3,0,512,3,0.875
945,64,32,3,1,32,3,0.59375
946,64,32,3,1,64,3,0.6875
947,64,32,3,1,128,3,0.84375
948,64,32,3,1,256,3,0.8125
949,64,32,3,1,512,3,0.84375
950,64,32,3,2,32,3,0.59375
951,64,32,3,2,64,3,0.625
952,64,32,3,2,128,3,0.625
953,64,32,3,2,256,3,0.75
954,64,32,3,2,512,3,1.0
955,64,32,3,3,32,3,0.6875
956,64,32,3,3,64,3,0.625
957,64,32,3,3,128,3,0.6875
958,64,32,3,3,256,3,0.625
959,64,32,3,3,512,3,0.90625
960,64,64,0,0,32,3,0.75
961,64,64,0,0,64,3,0.78125
962,64,64,0,0,128,3,0.6875
963,64,64,0,0,256,3,0.75
964,64,64,0,0,512,3,0.953125
965,64,64,0,1,32,3,0.59375
966,64,64,0,1,64,3,0.703125
967,64,64,0,1,128,3,0.65625
968,64,64,0,1,256,3,0.796875
969,64,64,0,1,512,3,0.734375
970,64,64,0,2,32,3,0.578125
971,64,64,0,2,64,3,0.59375
972,64,64,0,2,128,3,0.546875
973,64,64,0,2,256,3,0.59375
974,64,64,0,2,512,3,0.9375
975,64,64,0,3,32,3,0.59375
976,64,64,0,3,64,3,0.59375
977,64,64,0,3,128,3,0.625
978,64,64,0,3,256,3,0.6875
979,64,64,0,3,512,3,0.6875
980,64,64,1,0,32,3,0.71875
981,64,64,1,0,64,3,0.6875
982,64,64,1,0,128,3,0.6875
983,64,64,1,0,256,3,0.6875
984,64,64,1,0,512,3,0.984375
985,64,64,1,1,32,3,0.765625
986,64,64,1,1,64,3,0.703125
987,64,64,1,1,128,3,0.671875
988,64,64,1,1,256,3,0.765625
989,64,64,1,1,512,3,0.9375
990,64,64,1,2,32,3,0.703125
991,64,64,1,2,64,3,0.640625
992,64,64,1,2,128,3,0.734375
993,64,64,1,2,256,3,0.765625
994,64,64,1,2,512,3,0.84375
995,64,64,1,3,32,3,0.703125
996,64,64,1,3,64,3,0.6875
997,64,64,1,3,128,3,0.734375
998,64,64,1,3,256,3,0.703125
999,64,64,1,3,512,3,1.0
1000,64,64,2,0,32,3,0.59375
1001,64,64,2,0,64,3,0.625
1002,64,64,2,0,128,3,0.640625
1003,64,64,2,0,256,3,0.625
1004,64,64,2,0,512,3,0.84375
1005,64,64,2,1,32,3,0.65625
1006,64,64,2,1,64,3,0.609375
1007,64,64,2,1,128,3,0.65625
1008,64,64,2,1,256,3,0.578125
1009,64,64,2,1,512,3,0.640625
1010,64,64,2,2,32,3,0.671875
1011,64,64,2,2,64,3,0.609375
1012,64,64,2,2,128,3,0.625
1013,64,64,2,2,256,3,0.625
1014,64,64,2,2,512,3,0.8125
1015,64,64,2,3,32,3,0.625
1016,64,64,2,3,64,3,0.65625
1017,64,64,2,3,128,3,0.625
1018,64,64,2,3,256,3,0.796875
1019,64,64,2,3,512,3,0.8125
1020,64,64,3,0,32,3,0.6875
1021,64,64,3,0,64,3,0.703125
1022,64,64,3,0,128,3,0.703125
1023,64,64,3,0,256,3,0.796875
1024,64,64,3,0,512,3,1.0
1025,64,64,3,1,32,3,0.6875
1026,64,64,3,1,64,3,0.703125
1027,64,64,3,1,128,3,0.734375
1028,64,64,3,1,256,3,0.734375
1029,64,64,3,1,512,3,0.90625
1030,64,64,3,2,32,3,0.59375
1031,64,64,3,2,64,3,0.59375
1032,64,64,3,2,128,3,0.65625
1033,64,64,3,2,256,3,0.703125
1034,64,64,3,2,512,3,1.0
1035,64,64,3,3,32,3,0.671875
1036,64,64,3,3,64,3,0.734375
1037,64,64,3,3,128,3,0.65625
1038,64,64,3,3,256,3,0.71875
1039,64,64,3,3,512,3,0.96875
1040,64,128,0,0,32,3,0.640625
1041,64,128,0,0,64,3,0.625
1042,64,128,0,0,128,3,0.6171875
1043,64,128,0,0,256,3,0.6171875
1044,64,128,0,0,512,3,0.6484375
1045,64,128,0,1,32,3,0.5703125
1046,64,128,0,1,64,3,0.5859375
1047,64,128,0,1,128,3,0.6328125
1048,64,128,0,1,256,3,0.703125
1049,64,128,0,1,512,3,0.75
1050,64,128,0,2,32,3,0.609375
1051,64,128,0,2,64,3,0.6484375
1052,64,128,0,2,128,3,0.5546875
1053,64,128,0,2,256,3,0.6796875
1054,64,128,0,2,512,3,0.6875
1055,64,128,0,3,32,3,0.609375
1056,64,128,0,3,64,3,0.6328125
1057,64,128,0,3,128,3,0.640625
1058,64,128,0,3,256,3,0.640625
1059,64,128,0,3,512,3,0.9140625
1060,64,128,1,0,32,3,0.578125
1061,64,128,1,0,64,3,0.65625
1062,64,128,1,0,128,3,0.6484375
1063,64,128,1,0,256,3,0.6953125
1064,64,128,1,0,512,3,0.78125
1065,64,128,1,1,32,3,0.625
1066,64,128,1,1,64,3,0.640625
1067,64,128,1,1,128,3,0.6875
1068,64,128,1,1,256,3,0.703125
1069,64,128,1,1,512,3,0.7421875
1070,64,128,1,2,32,3,0.6171875
1071,64,128,1,2,64,3,0.6015625
1072,64,128,1,2,128,3,0.6328125
1073,64,128,1,2,256,3,0.734375
1074,64,128,1,2,512,3,0.8671875
1075,64,128,1,3,32,3,0.671875
1076,64,128,1,3,64,3,0.6015625
1077,64,128,1,3,128,3,0.671875
1078,64,128,1,3,256,3,0.625
1079,64,128,1,3,512,3,0.8359375
1080,64,128,2,0,32,3,0.5625
1081,64,128,2,0,64,3,0.65625
1082,64,128,2,0,128,3,0.671875
1083,64,128,2,0,256,3,0.65625
1084,64,128,2,0,512,3,0.90625
1085,64,128,2,1,32,3,0.609375
1086,64,128,2,1,64,3,0.609375
1087,64,128,2,1,128,3,0.6328125
1088,64,128,2,1,256,3,0.578125
1089,64,128,2,1,512,3,0.796875
1090,64,128,2,2,32,3,0.484375
1091,64,128,2,2,64,3,0.578125
1092,64,128,2,2,128,3,0.5703125
1093,64,128,2,2,256,3,0.5859375
1094,64,128,2,2,512,3,0.765625
1095,64,128,2,3,32,3,0.578125
1096,64,128,2,3,64,3,0.5859375
1097,64,128,2,3,128,3,0.5859375
1098,64,128,2,3,256,3,0.6640625
1099,64,128,2,3,512,3,0.8203125
1100,64,128,3,0,32,3,0.6484375
1101,64,128,3,0,64,3,0.6640625
1102,64,128,3,0,128,3,0.6796875
1103,64,128,3,0,256,3,0.7265625
1104,64,128,3,0,512,3,0.8125
1105,64,128,3,1,32,3,0.59375
1106,64,128,3,1,64,3,0.6484375
1107,64,128,3,1,128,3,0.6640625
1108,64,128,3,1,256,3,0.6484375
1109,64,128,3,1,512,3,0.8515625
1110,64,128,3,2,32,3,0.6171875
1111,64,128,3,2,64,3,0.6328125
1112,64,128,3,2,128,3,0.6171875
1113,64,128,3,2,256,3,0.6484375
1114,64,128,3,2,512,3,0.671875
1115,64,128,3,3,32,3,0.53125
1116,64,128,3,3,64,3,0.578125
1117,64,128,3,3,128,3,0.5546875
1118,64,128,3,3,256,3,0.5390625
1119,64,128,3,3,512,3,0.6328125
1120,128,4,0,0,32,3,1.0
1121,128,4,0,0,64,3,1.0
1122,128,4,0,0,128,3,1.0
1123,128,4,0,0,256,3,1.0
1124,128,4,0,0,512,3,1.0
1125,128,4,0,1,32,3,1.0
1126,128,4,0,1,64,3,1.0
1127,128,4,0,1,128,3,1.0
1128,128,4,0,1,256,3,1.0
1129,128,4,0,1,512,3,1.0
1130,128,4,0,2,32,3,1.0
1131,128,4,0,2,64,3,1.0
1132,128,4,0,2,128,3,1.0
1133,128,4,0,2,256,3,1.0
1134,128,4,0,2,512,3,1.0
1135,128,4,0,3,32,3,0.75
1136,128,4,0,3,64,3,0.5
1137,128,4,0,3,128,3,1.0
1138,128,4,0,3,256,3,1.0
1139,128,4,0,3,512,3,1.0
1140,128,4,1,0,32,3,1.0
1141,128,4,1,0,64,3,1.0
1142,128,4,1,0,128,3,1.0
1143,128,4,1,0,256,3,1.0
1144,128,4,1,0,512,3,1.0
1145,128,4,1,1,32,3,1.0
1146,128,4,1,1,64,3,1.0
1147,128,4,1,1,128,3,1.0
1148,128,4,1,1,256,3,1.0
1149,128,4,1,1,512,3,1.0
1150,128,4,1,2,32,3,0.75
1151,128,4,1,2,64,3,1.0
1152,128,4,1,2,128,3,1.0
1153,128,4,1,2,256,3,1.0
1154,128,4,1,2,512,3,1.0
1155,128,4,1,3,32,3,1.0
1156,128,4,1,3,64,3,1.0
1157,128,4,1,3,128,3,1.0
1158,128,4,1,3,256,3,1.0
1159,128,4,1,3,512,3,1.0
1160,128,4,2,0,32,3,1.0
1161,128,4,2,0,64,3,1.0
1162,128,4,2,0,128,3,1.0
1163,128,4,2,0,256,3,1.0
1164,128,4,2,0,512,3,1.0
1165,128,4,2,1,32,3,1.0
1166,128,4,2,1,64,3,1.0
1167,128,4,2,1,128,3,1.0
1168,128,4,2,1,256,3,1.0
1169,128,4,2,1,512,3,1.0
1170,128,4,2,2,32,3,1.0
1171,128,4,2,2,64,3,1.0
1172,128,4,2,2,128,3,1.0
1173,128,4,2,2,256,3,1.0
1174,128,4,2,2,512,3,1.0
1175,128,4,2,3,32,3,1.0
1176,128,4,2,3,64,3,1.0
1177,128,4,2,3,128,3,1.0
1178,128,4,2,3,256,3,1.0
1179,128,4,2,3,512,3,1.0
1180,128,4,3,0,32,3,1.0
1181,128,4,3,0,64,3,1.0
1182,128,4,3,0,128,3,1.0
1183,128,4,3,0,256,3,1.0
1184,128,4,3,0,512,3,1.0
1185,128,4,3,1,32,3,1.0
1186,128,4,3,1,64,3,1.0
1187,128,4,3,1,128,3,1.0
1188,128,4,3,1,256,3,1.0
1189,128,4,3,1,512,3,1.0
1190,128,4,3,2,32,3,1.0
1191,128,4,3,2,64,3,1.0
1192,128,4,3,2,128,3,1.0
1193,128,4,3,2,256,3,1.0
1194,128,4,3,2,512,3,1.0
1195,128,4,3,3,32,3,1.0
1196,128,4,3,3,64,3,1.0
1197,128,4,3,3,128,3,1.0
1198,128,4,3,3,256,3,1.0
1199,128,4,3,3,512,3,1.0
1200,128,8,0,0,32,3,1.0
1201,128,8,0,0,64,3,1.0
1202,128,8,0,0,128,3,1.0
1203,128,8,0,0,256,3,1.0
1204,128,8,0,0,512,3,1.0
1205,128,8,0,1,32,3,0.625
1206,128,8,0,1,64,3,0.75
1207,128,8,0,1,128,3,0.625
1208,128,8,0,1,256,3,0.75
1209,128,8,0,1,512,3,1.0
1210,128,8,0,2,32,3,0.625
1211,128,8,0,2,64,3,0.625
1212,128,8,0,2,128,3,1.0
1213,128,8,0,2,256,3,0.75
1214,128,8,0,2,512,3,1.0
1215,128,8,0,3,32,3,1.0
1216,128,8,0,3,64,3,1.0
1217,128,8,0,3,128,3,1.0
1218,128,8,0,3,256,3,1.0
1219,128,8,0,3,512,3,1.0
1220,128,8,1,0,32,3,1.0
1221,128,8,1,0,64,3,1.0
1222,128,8,1,0,128,3,1.0
1223,128,8,1,0,256,3,1.0
1224,128,8,1,0,512,3,1.0
1225,128,8,1,1,32,3,0.75
1226,128,8,1,1,64,3,0.75
1227,128,8,1,1,128,3,0.75
1228,128,8,1,1,256,3,1.0
1229,128,8,1,1,512,3,1.0
1230,128,8,1,2,32,3,0.625
1231,128,8,1,2,64,3,0.625
1232,128,8,1,2,128,3,1.0
1233,128,8,1,2,256,3,1.0
1234,128,8,1,2,512,3,1.0
1235,128,8,1,3,32,3,0.75
1236,128,8,1,3,64,3,1.0
1237,128,8,1,3,128,3,1.0
1238,128,8,1,3,256,3,1.0
1239,128,8,1,3,512,3,1.0
1240,128,8,2,0,32,3,0.875
1241,128,8,2,0,64,3,0.875
1242,128,8,2,0,128,3,0.875
1243,128,8,2,0,256,3,1.0
1244,128,8,2,0,512,3,1.0
1245,128,8,2,1,32,3,0.875
1246,128,8,2,1,64,3,1.0
1247,128,8,2,1,128,3,1.0
1248,128,8,2,1,256,3,1.0
1249,128,8,2,1,512,3,1.0
1250,128,8,2,2,32,3,1.0
1251,128,8,2,2,64,3,1.0
1252,128,8,2,2,128,3,1.0
1253,128,8,2,2,256,3,1.0
1254,128,8,2,2,512,3,1.0
1255,128,8,2,3,32,3,1.0
1256,128,8,2,3,64,3,1.0
1257,128,8,2,3,128,3,1.0
1258,128,8,2,3,256,3,1.0
1259,128,8,2,3,512,3,1.0
1260,128,8,3,0,32,3,0.75
1261,128,8,3,0,64,3,0.875
1262,128,8,3,0,128,3,0.75
1263,128,8,3,0,256,3,0.75
1264,128,8,3,0,512,3,1.0
1265,128,8,3,1,32,3,0.75
1266,128,8,3,1,64,3,1.0
1267,128,8,3,1,128,3,0.625
1268,128,8,3,1,256,3,1.0
1269,128,8,3,1,512,3,1.0
1270,128,8,3,2,32,3,1.0
1271,128,8,3,2,64,3,1.0
1272,128,8,3,2,128,3,1.0
1273,128,8,3,2,256,3,1.0
1274,128,8,3,2,512,3,1.0
1275,128,8,3,3,32,3,1.0
1276,128,8,3,3,64,3,1.0
1277,128,8,3,3,128,3,1.0
1278,128,8,3,3,256,3,1.0
1279,128,8,3,3,512,3,1.0
1280,128,16,0,0,32,3,0.9375
1281,128,16,0,0,64,3,0.9375
1282,128,16,0,0,128,3,0.8125
1283,128,16,0,0,256,3,1.0
1284,128,16,0,0,512,3,1.0
1285,128,16,0,1,32,3,0.75
1286,128,16,0,1,64,3,0.75
1287,128,16,0,1,128,3,0.75
1288,128,16,0,1,256,3,0.625
1289,128,16,0,1,512,3,0.8125
1290,128,16,0,2,32,3,0.75
1291,128,16,0,2,64,3,0.6875
1292,128,16,0,2,128,3,0.75
1293,128,16,0,2,256,3,0.75
1294,128,16,0,2,512,3,0.6875
1295,128,16,0,3,32,3,0.6875
1296,128,16,0,3,64,3,0.6875
1297,128,16,0,3,128,3,0.75
1298,128,16,0,3,256,3,0.75
1299,128,16,0,3,512,3,0.6875
1300,128,16,1,0,32,3,0.875
1301,128,16,1,0,64,3,0.875
1302,128,16,1,0,128,3,0.9375
1303,128,16,1,0,256,3,0.6875
1304,128,16,1,0,512,3,0.8125
1305,128,16,1,1,32,3,0.75
1306,128,16,1,1,64,3,0.75
1307,128,16,1,1,128,3,0.75
1308,128,16,1,1,256,3,0.8125
1309,128,16,1,1,512,3,0.8125
1310,128,16,1,2,32,3,0.75
1311,128,16,1,2,64,3,0.75
1312,128,16,1,2,128,3,0.8125
1313,128,16,1,2,256,3,1.0
1314,128,16,1,2,512,3,1.0
1315,128,16,1,3,32,3,0.9375
1316,128,16,1,3,64,3,0.875
1317,128,16,1,3,128,3,0.875
1318,128,16,1,3,256,3,0.875
1319,128,16,1,3,512,3,0.875
1320,128,16,2,0,32,3,0.875
1321,128,16,2,0,64,3,0.875
1322,128,16,2,0,128,3,0.6875
1323,128,16,2,0,256,3,0.875
1324,128,16,2,0,512,3,1.0
1325,128,16,2,1,32,3,0.5625
1326,128,16,2,1,64,3,0.8125
1327,128,16,2,1,128,3,0.8125
1328,128,16,2,1,256,3,0.875
1329,128,16,2,1,512,3,0.875
1330,128,16,2,2,32,3,0.5625
1331,128,16,2,2,64,3,0.75
1332,128,16,2,2,128,3,0.9375
1333,128,16,2,2,256,3,0.875
1334,128,16,2,2,512,3,0.875
1335,128,16,2,3,32,3,0.625
1336,128,16,2,3,64,3,0.6875
1337,128,16,2,3,128,3,0.875
1338,128,16,2,3,256,3,0.8125
1339,128,16,2,3,512,3,0.8125
1340,128,16,3,0,32,3,0.6875
1341,128,16,3,0,64,3,0.75
1342,128,16,3,0,128,3,0.75
1343,128,16,3,0,256,3,0.8125
1344,128,16,3,0,512,3,0.8125
1345,128,16,3,1,32,3,0.625
1346,128,16,3,1,64,3,0.625
1347,128,16,3,1,128,3,0.6875
1348,128,16,3,1,256,3,0.5625
1349,128,16,3,1,512,3,0.75
1350,128,16,3,2,32,3,0.6875
1351,128,16,3,2,64,3,0.6875
1352,128,16,3,2,128,3,0.75
1353,128,16,3,2,256,3,0.875
1354,128,16,3,2,512,3,0.8125
1355,128,16,3,3,32,3,0.6875
1356,128,16,3,3,64,3,0.75
1357,128,16,3,3,128,3,0.75
1358,128,16,3,3,256,3,0.8125
1359,128,16,3,3,512,3,0.875
1360,128,32,0,0,32,3,0.65625
1361,128,32,0,0,64,3,0.71875
1362,128,32,0,0,128,3,0.6875
1363,128,32,0,0,256,3,0.6875
1364,128,32,0,0,512,3,0.84375
1365,128,32,0,1,32,3,0.59375
1366,128,32,0,1,64,3,0.75
1367,128,32,0,1,128,3,0.78125
1368,128,32,0,1,256,3,0.71875
1369,128,32,0,1,512,3,0.78125
1370,128,32,0,2,32,3,0.53125
1371,128,32,0,2,64,3,0.59375
1372,128,32,0,2,128,3,0.625
1373,128,32,0,2,256,3,0.6875
1374,128,32,0,2,512,3,0.625
1375,128,32,0,3,32,3,0.59375
1376,128,32,0,3,64,3,0.59375
1377,128,32,0,3,128,3,0.78125
1378,128,32,0,3,256,3,0.75
1379,128,32,0,3,512,3,0.8125
1380,128,32,1,0,32,3,0.6875
1381,128,32,1,0,64,3,0.6875
1382,128,32,1,0,128,3,0.6875
1383,128,32,1,0,256,3,0.75
1384,128,32,1,0,512,3,0.75
1385,128,32,1,1,32,3,0.65625
1386,128,32,1,1,64,3,0.6875
1387,128,32,1,1,128,3,0.6875
1388,128,32,1,1,256,3,0.71875
1389,128,32,1,1,512,3,0.75
1390,128,32,1,2,32,3,0.59375
1391,128,32,1,2,64,3,0.65625
1392,128,32,1,2,128,3,0.59375
1393,128,32,1,2,256,3,0.6875
1394,128,32,1,2,512,3,0.71875
1395,128,32,1,3,32,3,0.625
1396,128,32,1,3,64,3,0.65625
1397,128,32,1,3,128,3,0.59375
1398,128,32,1,3,256,3,0.65625
1399,128,32,1,3,512,3,0.8125
1400,128,32,2,0,32,3,0.59375
1401,128,32,2,0,64,3,0.75
1402,128,32,2,0,128,3,0.53125
1403,128,32,2,0,256,3,0.65625
1404,128,32,2,0,512,3,0.9375
1405,128,32,2,1,32,3,0.5
1406,128,32,2,1,64,3,0.625
1407,128,32,2,1,128,3,0.6875
1408,128,32,2,1,256,3,0.625
1409,128,32,2,1,512,3,0.875
1410,128,32,2,2,32,3,0.53125
1411,128,32,2,2,64,3,0.65625
1412,128,32,2,2,128,3,0.65625
1413,128,32,2,2,256,3,0.625
1414,128,32,2,2,512,3,0.65625
1415,128,32,2,3,32,3,0.65625
1416,128,32,2,3,64,3,0.59375
1417,128,32,2,3,128,3,0.59375
1418,128,32,2,3,256,3,0.65625
1419,128,32,2,3,512,3,0.8125
1420,128,32,3,0,32,3,0.84375
1421,128,32,3,0,64,3,0.84375
1422,128,32,3,0,128,3,0.84375
1423,128,32,3,0,256,3,0.84375
1424,128,32,3,0,512,3,0.84375
1425,128,32,3,1,32,3,0.71875
1426,128,32,3,1,64,3,0.75
1427,128,32,3,1,128,3,0.75
1428,128,32,3,1,256,3,0.6875
1429,128,32,3,1,512,3,0.71875
1430,128,32,3,2,32,3,0.59375
1431,128,32,3,2,64,3,0.59375
1432,128,32,3,2,128,3,0.65625
1433,128,32,3,2,256,3,0.71875
1434,128,32,3,2,512,3,0.6875
1435,128,32,3,3,32,3,0.59375
1436,128,32,3,3,64,3,0.59375
1437,128,32,3,3,128,3,0.625
1438,128,32,3,3,256,3,0.6875
1439,128,32,3,3,512,3,0.65625
1440,128,64,0,0,32,3,0.71875
1441,128,64,0,0,64,3,0.59375
1442,128,64,0,0,128,3,0.5625
1443,128,64,0,0,256,3,0.734375
1444,128,64,0,0,512,3,0.671875
1445,128,64,0,1,32,3,0.5625
1446,128,64,0,1,64,3,0.5625
1447,128,64,0,1,128,3,0.53125
1448,128,64,0,1,256,3,0.53125
1449,128,64,0,1,512,3,0.625
1450,128,64,0,2,32,3,0.59375
1451,128,64,0,2,64,3,0.625
1452,128,64,0,2,128,3,0.609375
1453,128,64,0,2,256,3,0.625
1454,128,64,0,2,512,3,0.671875
1455,128,64,0,3,32,3,0.671875
1456,128,64,0,3,64,3,0.671875
1457,128,64,0,3,128,3,0.671875
1458,128,64,0,3,256,3,0.640625
1459,128,64,0,3,512,3,0.671875
1460,128,64,1,0,32,3,0.6875
1461,128,64,1,0,64,3,0.59375
1462,128,64,1,0,128,3,0.65625
1463,128,64,1,0,256,3,0.609375
1464,128,64,1,0,512,3,0.625
1465,128,64,1,1,32,3,0.609375
1466,128,64,1,1,64,3,0.640625
1467,128,64,1,1,128,3,0.609375
1468,128,64,1,1,256,3,0.640625
1469,128,64,1,1,512,3,0.65625
1470,128,64,1,2,32,3,0.59375
1471,128,64,1,2,64,3,0.625
1472,128,64,1,2,128,3,0.65625
1473,128,64,1,2,256,3,0.609375
1474,128,64,1,2,512,3,0.65625
1475,128,64,1,3,32,3,0.5625
1476,128,64,1,3,64,3,0.59375
1477,128,64,1,3,128,3,0.5625
1478,128,64,1,3,256,3,0.609375
1479,128,64,1,3,512,3,0.625
1480,128,64,2,0,32,3,0.59375
1481,128,64,2,0,64,3,0.625
1482,128,64,2,0,128,3,0.640625
1483,128,64,2,0,256,3,0.65625
1484,128,64,2,0,512,3,0.640625
1485,128,64,2,1,32,3,0.578125
1486,128,64,2,1,64,3,0.578125
1487,128,64,2,1,128,3,0.609375
1488,128,64,2,1,256,3,0.59375
1489,128,64,2,1,512,3,0.578125
1490,128,64,2,2,32,3,0.609375
1491,128,64,2,2,64,3,0.625
1492,128,64,2,2,128,3,0.625
1493,128,64,2,2,256,3,0.625
1494,128,64,2,2,512,3,0.625
1495,128,64,2,3,32,3,0.5625
1496,128,64,2,3,64,3,0.59375
1497,128,64,2,3,128,3,0.65625
1498,128,64,2,3,256,3,0.625
1499,128,64,2,3,512,3,0.640625
1500,128,64,3,0,32,3,0.59375
1501,128,64,3,0,64,3,0.640625
1502,128,64,3,0,128,3,0.640625
1503,128,64,3,0,256,3,0.65625
1504,128,64,3,0,512,3,0.6875
1505,128,64,3,1,32,3,0.609375
1506,128,64,3,1,64,3,0.5625
1507,128,64,3,1,128,3,0.640625
1508,128,64,3,1,256,3,0.609375
1509,128,64,3,1,512,3,0.625
1510,128,64,3,2,32,3,0.578125
1511,128,64,3,2,64,3,0.609375
1512,128,64,3,2,128,3,0.578125
1513,128,64,3,2,256,3,0.59375
1514,128,64,3,2,512,3,0.625
1515,128,64,3,3,32,3,0.625
1516,128,64,3,3,64,3,0.6875
1517,128,64,3,3,128,3,0.65625
1518,128,64,3,3,256,3,0.6875
1519,128,64,3,3,512,3,0.703125
1520,128,128,0,0,32,3,0.5625
1521,128,128,0,0,64,3,0.59375
1522,128,128,0,0,128,3,0.515625
1523,128,128,0,0,256,3,0.5859375
1524,128,128,0,0,512,3,0.6328125
1525,128,128,0,1,32,3,0.6015625
1526,128,128,0,1,64,3,0.6328125
1527,128,128,0,1,128,3,0.6171875
1528,128,128,0,1,256,3,0.6171875
1529,128,128,0,1,512,3,0.6640625
1530,128,128,0,2,32,3,0.609375
1531,128,128,0,2,64,3,0.578125
1532,128,128,0,2,128,3,0.59375
1533,128,128,0,2,256,3,0.59375
1534,128,128,0,2,512,3,0.578125
1535,128,128,0,3,32,3,0.5546875
1536,128,128,0,3,64,3,0.6171875
1537,128,128,0,3,128,3,0.5859375
1538,128,128,0,3,256,3,0.625
1539,128,128,0,3,512,3,0.6328125
1540,128,128,1,0,32,3,0.5625
1541,128,128,1,0,64,3,0.609375
1542,128,128,1,0,128,3,0.6171875
1543,128,128,1,0,256,3,0.609375
1544,128,128,1,0,512,3,0.6015625
1545,128,128,1,1,32,3,0.5859375
1546,128,128,1,1,64,3,0.578125
1547,128,128,1,1,128,3,0.578125
1548,128,128,1,1,256,3,0.5703125
1549,128,128,1,1,512,3,0.578125
1550,128,128,1,2,32,3,0.5859375
1551,128,128,1,2,64,3,0.59375
1552,128,128,1,2,128,3,0.578125
1553,128,128,1,2,256,3,0.6328125
1554,128,128,1,2,512,3,0.6484375
1555,128,128,1,3,32,3,0.515625
1556,128,128,1,3,64,3,0.546875
1557,128,128,1,3,128,3,0.59375
1558,128,128,1,3,256,3,0.546875
1559,128,128,1,3,512,3,0.609375
1560,128,128,2,0,32,3,0.6015625
1561,128,128,2,0,64,3,0.546875
1562,128,128,2,0,128,3,0.625
1563,128,128,2,0,256,3,0.5859375
1564,128,128,2,0,512,3,0.6015625
1565,128,128,2,1,32,3,0.6015625
1566,128,128,2,1,64,3,0.6171875
1567,128,128,2,1,128,3,0.6015625
1568,128,128,2,1,256,3,0.6484375
1569,128,128,2,1,512,3,0.65625
1570,128,128,2,2,32,3,0.5703125
1571,128,128,2,2,64,3,0.5390625
1572,128,128,2,2,128,3,0.546875
1573,128,128,2,2,256,3,0.53125
1574,128,128,2,2,512,3,0.515625
1575,128,128,2,3,32,3,0.5546875
1576,128,128,2,3,64,3,0.609375
1577,128,128,2,3,128,3,0.609375
1578,128,128,2,3,256,3,0.6171875
1579,128,128,2,3,512,3,0.609375
1580,128,128,3,0,32,3,0.5859375
1581,128,128,3,0,64,3,0.65625
1582,128,128,3,0,128,3,0.6484375
1583,128,128,3,0,256,3,0.6171875
1584,128,128,3,0,512,3,0.6328125
1585,128,128,3,1,32,3,0.5703125
1586,128,128,3,1,64,3,0.5390625
1587,128,128,3,1,128,3,0.53125
1588,128,128,3,1,256,3,0.546875
1589,128,128,3,1,512,3,0.609375
1590,128,128,3,2,32,3,0.6015625
1591,128,128,3,2,64,3,0.6015625
1592,128,128,3,2,128,3,0.609375
1593,128,128,3,2,256,3,0.609375
1594,128,128,3,2,512,3,0.609375
1595,128,128,3,3,32,3,0.625
1596,128,128,3,3,64,3,0.625
1597,128,128,3,3,128,3,0.640625
1598,128,128,3,3,256,3,0.6171875
1599,128,128,3,3,512,3,0.7890625
